{
"DRIVER1":[103.85933876,1.34638791,1,"20"],
"DRIVER2":[103.762705,1.382415,2,"VB"],
"DRIVER3":[103.70996118,1.34587307,3,"30"],
"DRIVER4":[103.96989942,1.37157213,0,"10"],
"DRIVER5":[103.92161965,1.31774966,1,"40"]
}